pre-increment,/home/ubuntu/atoms/projects/git/refspec.c,61,25,"rhs"
pre-increment,/home/ubuntu/atoms/projects/git/prio-queue.c,66,24,"queue -> nr"
pre-increment,/home/ubuntu/atoms/projects/git/prio-queue.c,69,8,"queue -> nr"
pre-increment,/home/ubuntu/atoms/projects/git/dir.c,131,29,"pattern"
pre-increment,/home/ubuntu/atoms/projects/git/progress.c,116,47,"progress -> delay"
pre-increment,/home/ubuntu/atoms/projects/git/reset.c,184,22,"nr"
pre-increment,/home/ubuntu/atoms/projects/git/fsck.c,401,34,"len"
pre-increment,/home/ubuntu/atoms/projects/git/fsck.c,484,35,"stack -> nr"
pre-increment,/home/ubuntu/atoms/projects/git/convert.c,572,13,"len"
pre-increment,/home/ubuntu/atoms/projects/git/convert.c,578,13,"len"
pre-increment,/home/ubuntu/atoms/projects/git/diff.c,163,33,"end"
pre-increment,/home/ubuntu/atoms/projects/git/diff.c,167,22,"end"
pre-increment,/home/ubuntu/atoms/projects/git/diff.c,887,14,"off"
pre-increment,/home/ubuntu/atoms/projects/git/diff.c,4401,9,"o -> diff_path_counter"
pre-increment,/home/ubuntu/atoms/projects/git/diff.c,3972,8,"spec -> count"
pre-increment,/home/ubuntu/atoms/projects/git/diff.c,6199,14,"p -> one -> rename_used"
pre-increment,/home/ubuntu/atoms/projects/git/ewah/ewah_io.c,50,41,"buffer"
pre-increment,/home/ubuntu/atoms/projects/git/ewah/ewah_io.c,60,37,"buffer"
pre-increment,/home/ubuntu/atoms/projects/git/ewah/ewah_io.c,50,36,"i"
pre-increment,/home/ubuntu/atoms/projects/git/ewah/ewah_io.c,60,32,"i"
pre-increment,/home/ubuntu/atoms/projects/git/ewah/ewah_bitmap.c,446,23,"bitmap_pool_size"
pre-increment,/home/ubuntu/atoms/projects/git/ewah/ewah_bitmap.c,261,36,"c"
pre-increment,/home/ubuntu/atoms/projects/git/ewah/ewah_bitmap.c,249,26,"k"
pre-increment,/home/ubuntu/atoms/projects/git/ewah/ewah_bitmap.c,249,31,"pos"
pre-increment,/home/ubuntu/atoms/projects/git/ewah/ewah_bitmap.c,261,41,"pos"
pre-increment,/home/ubuntu/atoms/projects/git/ewah/ewah_bitmap.c,352,8,"it -> pointer"
pre-increment,/home/ubuntu/atoms/projects/git/ewah/ewah_bitmap.c,231,17,"self -> buffer_size"
pre-increment,/home/ubuntu/atoms/projects/git/fetch-pack.c,473,20,"count"
pre-increment,/home/ubuntu/atoms/projects/git/fetch-pack.c,1306,8,"haves_added"
pre-increment,/home/ubuntu/atoms/projects/git/object-name.c,1105,9,"idx"
pre-increment,/home/ubuntu/atoms/projects/git/object-name.c,1462,7,"( cb -> remaining )"
pre-increment,/home/ubuntu/atoms/projects/git/pack-revindex.c,107,8,"pos [ BUCKET_FOR ( from , i , bits ) ]"
pre-increment,/home/ubuntu/atoms/projects/git/trace2.c,310,8,"i"
pre-increment,/home/ubuntu/atoms/projects/git/midx-write.c,110,36,"ctx -> pack_paths_checked"
pre-increment,/home/ubuntu/atoms/projects/git/linear-assignment.c,118,16,"k"
pre-increment,/home/ubuntu/atoms/projects/git/mailmap.c,268,15,"i"
pre-increment,/home/ubuntu/atoms/projects/git/commit-reach.c,342,10,"count_still_independent"
pre-increment,/home/ubuntu/atoms/projects/git/quote.c,189,11,"next"
pre-increment,/home/ubuntu/atoms/projects/git/quote.c,130,9,"src"
pre-increment,/home/ubuntu/atoms/projects/git/quote.c,138,13,"src"
pre-increment,/home/ubuntu/atoms/projects/git/wildmatch.c,77,13,"p"
pre-increment,/home/ubuntu/atoms/projects/git/wildmatch.c,89,10,"p"
pre-increment,/home/ubuntu/atoms/projects/git/wildmatch.c,91,14,"p"
pre-increment,/home/ubuntu/atoms/projects/git/wildmatch.c,176,13,"p"
pre-increment,/home/ubuntu/atoms/projects/git/wildmatch.c,185,14,"p"
pre-increment,/home/ubuntu/atoms/projects/git/wildmatch.c,193,15,"p"
pre-increment,/home/ubuntu/atoms/projects/git/wildmatch.c,199,15,"p"
pre-increment,/home/ubuntu/atoms/projects/git/wildmatch.c,201,16,"p"
pre-increment,/home/ubuntu/atoms/projects/git/wildmatch.c,271,39,"p"
pre-increment,/home/ubuntu/atoms/projects/git/wildmatch.c,172,14,"text"
pre-increment,/home/ubuntu/atoms/projects/git/dir-iterator.c,156,10,"iter -> levels_nr"
pre-increment,/home/ubuntu/atoms/projects/git/entry.c,234,34,"processed_paths"
pre-increment,/home/ubuntu/atoms/projects/git/xdiff/xutils.c,328,5,"ptr"
pre-increment,/home/ubuntu/atoms/projects/git/xdiff/xutils.c,332,5,"ptr"
pre-increment,/home/ubuntu/atoms/projects/git/xdiff/xpatience.c,107,9,"index"
pre-increment,/home/ubuntu/atoms/projects/git/xdiff/xdiffi.c,116,10,"bmax"
pre-increment,/home/ubuntu/atoms/projects/git/xdiff/xdiffi.c,112,10,"bmin"
pre-increment,/home/ubuntu/atoms/projects/git/xdiff/xdiffi.c,79,10,"fmax"
pre-increment,/home/ubuntu/atoms/projects/git/xdiff/xdiffi.c,75,10,"fmin"
pre-increment,/home/ubuntu/atoms/projects/git/xdiff/xdiffi.c,786,14,"g -> end"
pre-increment,/home/ubuntu/atoms/projects/git/xdiff/xdiffi.c,785,14,"g -> start"
pre-increment,/home/ubuntu/atoms/projects/git/walker.c,199,31,"nr"
pre-increment,/home/ubuntu/atoms/projects/git/ref-filter.c,2929,7,"ref_cbdata -> internal . count"
pre-increment,/home/ubuntu/atoms/projects/git/t/t4256/1/mailinfo.c,258,8,"mi -> content_top"
pre-increment,/home/ubuntu/atoms/projects/git/t/t4256/1/mailinfo.c,944,8,"mi -> content_top"
pre-increment,/home/ubuntu/atoms/projects/git/t/helper/test-dir-iterator.c,26,16,"argc"
pre-increment,/home/ubuntu/atoms/projects/git/t/helper/test-dir-iterator.c,26,67,"argc"
pre-increment,/home/ubuntu/atoms/projects/git/t/helper/test-dir-iterator.c,26,8,"argv"
pre-increment,/home/ubuntu/atoms/projects/git/t/helper/test-dir-iterator.c,26,59,"argv"
pre-increment,/home/ubuntu/atoms/projects/git/t/helper/test-xml-encode.c,16,8,"cur"
pre-increment,/home/ubuntu/atoms/projects/git/t/helper/test-xml-encode.c,35,9,"remaining"
pre-increment,/home/ubuntu/atoms/projects/git/t/helper/test-path-utils.c,273,14,"len"
pre-increment,/home/ubuntu/atoms/projects/git/t/helper/test-json-writer.c,450,9,"len"
pre-increment,/home/ubuntu/atoms/projects/git/t/helper/test-json-writer.c,489,15,"line_nr"
pre-increment,/home/ubuntu/atoms/projects/git/cache-tree.c,173,14,"funny"
pre-increment,/home/ubuntu/atoms/projects/git/cache-tree.c,202,14,"funny"
pre-increment,/home/ubuntu/atoms/projects/git/grep.c,1352,22,"bol"
pre-increment,/home/ubuntu/atoms/projects/git/grep.c,1392,22,"bol"
pre-increment,/home/ubuntu/atoms/projects/git/grep.c,151,12,"cp"
pre-increment,/home/ubuntu/atoms/projects/git/grep.c,924,16,"eol"
pre-increment,/home/ubuntu/atoms/projects/git/grep.c,927,13,"eol"
pre-increment,/home/ubuntu/atoms/projects/git/grep.c,150,12,"len"
pre-increment,/home/ubuntu/atoms/projects/git/combine-diff.c,658,24,"la"
pre-increment,/home/ubuntu/atoms/projects/git/preload-index.c,90,12,"nr"
pre-increment,/home/ubuntu/atoms/projects/git/reflog.c,272,24,"( cb -> cmd . recno )"
pre-increment,/home/ubuntu/atoms/projects/git/imap-send.c,497,14,"imap -> nexttag"
pre-increment,/home/ubuntu/atoms/projects/git/line-range.c,150,27,"bol"
pre-increment,/home/ubuntu/atoms/projects/git/apply.c,1156,21,"nslash"
pre-increment,/home/ubuntu/atoms/projects/git/apply.c,687,21,"p_value"
pre-increment,/home/ubuntu/atoms/projects/git/apply.c,4129,19,"preimage"
pre-increment,/home/ubuntu/atoms/projects/git/apply.c,2790,25,"img -> nr"
pre-increment,/home/ubuntu/atoms/projects/git/apply.c,3891,11,"name -> len"
pre-increment,/home/ubuntu/atoms/projects/git/list-objects-filter.c,452,38,"filter_data -> nr"
pre-increment,/home/ubuntu/atoms/projects/git/revision.c,4123,11,"n"
pre-increment,/home/ubuntu/atoms/projects/git/revision.c,916,7,"st -> nparents"
pre-increment,/home/ubuntu/atoms/projects/git/revision.c,273,35,"stack -> nr"
pre-increment,/home/ubuntu/atoms/projects/git/diffcore-delta.c,154,8,"n"
pre-increment,/home/ubuntu/atoms/projects/git/parse-options.c,57,12,"p -> argv"
pre-increment,/home/ubuntu/atoms/projects/git/builtin/show-branch.c,973,29,"extra"
pre-increment,/home/ubuntu/atoms/projects/git/builtin/stash.c,1493,46,"argv"
pre-increment,/home/ubuntu/atoms/projects/git/builtin/name-rev.c,525,13,"counter"
pre-increment,/home/ubuntu/atoms/projects/git/builtin/name-rev.c,250,30,"parents_to_queue_nr"
pre-increment,/home/ubuntu/atoms/projects/git/builtin/checkout.c,192,10,"pos"
pre-increment,/home/ubuntu/atoms/projects/git/builtin/rev-parse.c,738,32,"i"
pre-increment,/home/ubuntu/atoms/projects/git/builtin/rev-parse.c,780,10,"i"
pre-increment,/home/ubuntu/atoms/projects/git/builtin/rev-parse.c,806,17,"i"
pre-increment,/home/ubuntu/atoms/projects/git/builtin/rev-parse.c,812,20,"i"
pre-increment,/home/ubuntu/atoms/projects/git/builtin/log.c,2364,15,"nr"
pre-increment,/home/ubuntu/atoms/projects/git/builtin/log.c,1441,7,"z"
pre-increment,/home/ubuntu/atoms/projects/git/builtin/difftool.c,74,21,"p"
pre-increment,/home/ubuntu/atoms/projects/git/builtin/difftool.c,78,21,"p"
pre-increment,/home/ubuntu/atoms/projects/git/builtin/difftool.c,82,14,"p"
pre-increment,/home/ubuntu/atoms/projects/git/builtin/fsck.c,200,31,"nr"
pre-increment,/home/ubuntu/atoms/projects/git/builtin/fsck.c,892,31,"pack_count"
pre-increment,/home/ubuntu/atoms/projects/git/builtin/ls-files.c,659,57,"exclude_args"
pre-increment,/home/ubuntu/atoms/projects/git/builtin/remote-ext.c,182,12,"i"
pre-increment,/home/ubuntu/atoms/projects/git/builtin/fast-export.c,271,8,"counter"
pre-increment,/home/ubuntu/atoms/projects/git/builtin/fast-export.c,239,23,"last_idnum"
pre-increment,/home/ubuntu/atoms/projects/git/builtin/gc.c,255,8,"num_loose"
pre-increment,/home/ubuntu/atoms/projects/git/builtin/gc.c,1019,7,"( * count )"
pre-increment,/home/ubuntu/atoms/projects/git/builtin/gc.c,1056,10,"( d -> count )"
pre-increment,/home/ubuntu/atoms/projects/git/builtin/mv.c,197,7,"argc"
pre-increment,/home/ubuntu/atoms/projects/git/builtin/mv.c,429,8,"argc"
pre-increment,/home/ubuntu/atoms/projects/git/builtin/pack-objects.c,931,38,"i"
pre-increment,/home/ubuntu/atoms/projects/git/builtin/pack-objects.c,1085,17,"i"
pre-increment,/home/ubuntu/atoms/projects/git/builtin/pack-objects.c,2794,11,"j"
pre-increment,/home/ubuntu/atoms/projects/git/builtin/pack-objects.c,1335,20,"last_mtime"
pre-increment,/home/ubuntu/atoms/projects/git/builtin/pack-objects.c,4131,10,"len"
pre-increment,/home/ubuntu/atoms/projects/git/builtin/pack-objects.c,1657,36,"nr_seen"
pre-increment,/home/ubuntu/atoms/projects/git/builtin/pack-objects.c,1683,36,"nr_seen"
pre-increment,/home/ubuntu/atoms/projects/git/builtin/pack-objects.c,3340,36,"nr_seen"
pre-increment,/home/ubuntu/atoms/projects/git/builtin/pack-objects.c,3540,36,"nr_seen"
pre-increment,/home/ubuntu/atoms/projects/git/builtin/pack-objects.c,517,29,"ofs"
pre-increment,/home/ubuntu/atoms/projects/git/builtin/pack-objects.c,615,29,"ofs"
pre-increment,/home/ubuntu/atoms/projects/git/builtin/pack-objects.c,1085,31,"ofs"
pre-increment,/home/ubuntu/atoms/projects/git/builtin/pack-objects.c,517,13,"pos"
pre-increment,/home/ubuntu/atoms/projects/git/builtin/pack-objects.c,615,13,"pos"
pre-increment,/home/ubuntu/atoms/projects/git/builtin/pack-objects.c,1210,38,"written"
pre-increment,/home/ubuntu/atoms/projects/git/builtin/push.c,108,15,"i"
pre-increment,/home/ubuntu/atoms/projects/git/builtin/show-ref.c,139,9,"len"
pre-increment,/home/ubuntu/atoms/projects/git/builtin/merge.c,535,13,"ptr"
pre-increment,/home/ubuntu/atoms/projects/git/builtin/merge.c,148,11,"ctx -> argv"
pre-increment,/home/ubuntu/atoms/projects/git/builtin/grep.c,835,51,"lno"
pre-increment,/home/ubuntu/atoms/projects/git/builtin/index-pack.c,1820,28,"i"
pre-increment,/home/ubuntu/atoms/projects/git/builtin/index-pack.c,1828,24,"i"
pre-increment,/home/ubuntu/atoms/projects/git/builtin/remote.c,814,31,"refs_renamed_nr"
pre-increment,/home/ubuntu/atoms/projects/git/builtin/remote.c,830,31,"refs_renamed_nr"
pre-increment,/home/ubuntu/atoms/projects/git/builtin/remote.c,850,31,"refs_renamed_nr"
pre-increment,/home/ubuntu/atoms/projects/git/builtin/merge-index.c,34,12,"pos"
pre-increment,/home/ubuntu/atoms/projects/git/builtin/blame.c,1070,36,"argc"
pre-increment,/home/ubuntu/atoms/projects/git/builtin/commit.c,1113,6,"ac"
pre-increment,/home/ubuntu/atoms/projects/git/builtin/commit.c,1114,6,"ac"
pre-increment,/home/ubuntu/atoms/projects/git/builtin/commit.c,1115,6,"ac"
pre-increment,/home/ubuntu/atoms/projects/git/builtin/commit.c,1116,6,"ac"
pre-increment,/home/ubuntu/atoms/projects/git/builtin/update-index.c,838,19,"ctx -> argv"
pre-increment,/home/ubuntu/atoms/projects/git/builtin/update-index.c,839,20,"ctx -> argv"
pre-increment,/home/ubuntu/atoms/projects/git/builtin/update-index.c,840,34,"ctx -> argv"
pre-increment,/home/ubuntu/atoms/projects/git/builtin/merge-recursive.c,71,20,"i"
pre-increment,/home/ubuntu/atoms/projects/git/builtin/merge-recursive.c,72,20,"i"
pre-increment,/home/ubuntu/atoms/projects/git/builtin/mailsplit.c,27,9,"colon"
pre-increment,/home/ubuntu/atoms/projects/git/builtin/mailsplit.c,200,44,"skip"
pre-increment,/home/ubuntu/atoms/projects/git/builtin/mailsplit.c,259,50,"skip"
pre-increment,/home/ubuntu/atoms/projects/git/builtin/remote-fd.c,38,12,"i"
pre-increment,/home/ubuntu/atoms/projects/git/builtin/fast-import.c,374,5,"lu"
pre-increment,/home/ubuntu/atoms/projects/git/builtin/fast-import.c,1048,25,"ofs"
pre-increment,/home/ubuntu/atoms/projects/git/builtin/fast-import.c,1048,9,"pos"
pre-increment,/home/ubuntu/atoms/projects/git/builtin/rev-list.c,666,18,"arg"
pre-increment,/home/ubuntu/atoms/projects/git/builtin/rev-list.c,148,30,"progress_counter"
pre-increment,/home/ubuntu/atoms/projects/git/builtin/rev-list.c,288,30,"progress_counter"
pre-increment,/home/ubuntu/atoms/projects/git/builtin/add.c,101,10,"i"
pre-increment,/home/ubuntu/atoms/projects/git/builtin/diff-tree.c,148,10,"argc"
pre-increment,/home/ubuntu/atoms/projects/git/builtin/diff-tree.c,149,23,"argv"
pre-increment,/home/ubuntu/atoms/projects/git/diffcore-rename.c,77,24,"dst_len"
pre-increment,/home/ubuntu/atoms/projects/git/diffcore-rename.c,313,9,"i"
pre-increment,/home/ubuntu/atoms/projects/git/diffcore-rename.c,76,24,"src_len"
pre-increment,/home/ubuntu/atoms/projects/git/diffcore-rename.c,1341,8,"spec -> count"
pre-increment,/home/ubuntu/atoms/projects/git/varint.c,26,11,"pos"
pre-increment,/home/ubuntu/atoms/projects/git/varint.c,26,27,"value"
pre-increment,/home/ubuntu/atoms/projects/git/branch.c,39,12,"tracking -> matches"
pre-increment,/home/ubuntu/atoms/projects/git/blame.c,418,39,"p"
pre-increment,/home/ubuntu/atoms/projects/git/blame.c,43,12,"o -> refcnt"
pre-increment,/home/ubuntu/atoms/projects/git/contrib/credential/wincred/git-credential-wincred.c,271,9,"len"
pre-increment,/home/ubuntu/atoms/projects/git/contrib/credential/wincred/git-credential-wincred.c,275,9,"len"
pre-increment,/home/ubuntu/atoms/projects/git/contrib/credential/libsecret/git-credential-libsecret.c,331,9,"line_len"
pre-increment,/home/ubuntu/atoms/projects/git/mailinfo.c,81,11,"depth"
pre-increment,/home/ubuntu/atoms/projects/git/mailinfo.c,263,8,"mi -> content_top"
pre-increment,/home/ubuntu/atoms/projects/git/mailinfo.c,962,8,"mi -> content_top"
pre-increment,/home/ubuntu/atoms/projects/git/config.c,3137,9,"seen"
pre-increment,/home/ubuntu/atoms/projects/git/config.c,797,19,"cs -> total_len"
pre-increment,/home/ubuntu/atoms/projects/git/config.c,184,8,"inc -> depth"
pre-increment,/home/ubuntu/atoms/projects/git/commit.c,1593,13,"bytes"
pre-increment,/home/ubuntu/atoms/projects/git/commit.c,994,9,"( * pi )"
pre-increment,/home/ubuntu/atoms/projects/git/urlmatch.c,205,16,"at_ptr"
pre-increment,/home/ubuntu/atoms/projects/git/urlmatch.c,379,13,"prev_slash"
pre-increment,/home/ubuntu/atoms/projects/git/alias.c,89,20,"src"
pre-increment,/home/ubuntu/atoms/projects/git/refs/packed-backend.c,436,10,"p"
pre-increment,/home/ubuntu/atoms/projects/git/refs/packed-backend.c,193,8,"snapshot -> referrers"
pre-increment,/home/ubuntu/atoms/projects/git/refs/ref-cache.c,404,9,"iter -> levels_nr"
pre-increment,/home/ubuntu/atoms/projects/git/refs/ref-cache.c,402,8,"level -> index"
pre-increment,/home/ubuntu/atoms/projects/git/refs/files-backend.c,683,8,"attempts_remaining"
pre-increment,/home/ubuntu/atoms/projects/git/refs/files-backend.c,697,27,"attempts_remaining"
pre-increment,/home/ubuntu/atoms/projects/git/refs/files-backend.c,1986,26,"scan"
pre-increment,/home/ubuntu/atoms/projects/git/strbuf.c,330,10,"argc"
pre-increment,/home/ubuntu/atoms/projects/git/strbuf.c,332,25,"argv"
pre-increment,/home/ubuntu/atoms/projects/git/strbuf.c,140,8,"sb -> len"
pre-increment,/home/ubuntu/atoms/projects/git/strbuf.c,391,12,"sb -> len"
pre-increment,/home/ubuntu/atoms/projects/git/diff-delta.c,422,11,"inscnt"
pre-increment,/home/ubuntu/atoms/projects/git/path.c,1481,14,"i"
pre-increment,/home/ubuntu/atoms/projects/git/path.c,1290,18,"path_len"
pre-increment,/home/ubuntu/atoms/projects/git/path.c,1290,40,"suffix_len"
pre-increment,/home/ubuntu/atoms/projects/git/commit-graph.c,1168,37,"ctx -> progress_cnt"
pre-increment,/home/ubuntu/atoms/projects/git/commit-graph.c,1186,36,"ctx -> progress_cnt"
pre-increment,/home/ubuntu/atoms/projects/git/commit-graph.c,1212,36,"ctx -> progress_cnt"
pre-increment,/home/ubuntu/atoms/projects/git/commit-graph.c,1313,36,"ctx -> progress_cnt"
pre-increment,/home/ubuntu/atoms/projects/git/commit-graph.c,1334,36,"ctx -> progress_cnt"
pre-increment,/home/ubuntu/atoms/projects/git/commit-graph.c,1356,36,"ctx -> progress_cnt"
pre-increment,/home/ubuntu/atoms/projects/git/commit-graph.c,1412,36,"ctx -> progress_cnt"
pre-increment,/home/ubuntu/atoms/projects/git/commit-graph.c,1453,36,"ctx -> progress_cnt"
pre-increment,/home/ubuntu/atoms/projects/git/commit-graph.c,1473,36,"ctx -> progress_done"
pre-increment,/home/ubuntu/atoms/projects/git/commit-graph.c,2720,31,"( * seen )"
pre-increment,/home/ubuntu/atoms/projects/git/date.c,1222,19,"end"
pre-increment,/home/ubuntu/atoms/projects/git/sequencer.c,1987,39,"i"
pre-increment,/home/ubuntu/atoms/projects/git/sequencer.c,1994,39,"i"
pre-increment,/home/ubuntu/atoms/projects/git/sequencer.c,4545,10,"i"
pre-increment,/home/ubuntu/atoms/projects/git/sequencer.c,5779,21,"p1"
pre-increment,/home/ubuntu/atoms/projects/git/sequencer.c,602,8,"buf -> len"
pre-increment,/home/ubuntu/atoms/projects/git/sequencer.c,2026,8,"ctx -> current_fixup_count"
pre-increment,/home/ubuntu/atoms/projects/git/sequencer.c,2137,9,"ctx -> current_fixup_count"
pre-increment,/home/ubuntu/atoms/projects/git/pkt-line.c,409,10,"path"
pre-increment,/home/ubuntu/atoms/projects/git/sh-i18n--envsubst.c,144,14,"string"
pre-increment,/home/ubuntu/atoms/projects/git/upload-pack.c,662,27,"i"
pre-increment,/home/ubuntu/atoms/projects/git/setup.c,1453,11,"offset"
pre-increment,/home/ubuntu/atoms/projects/git/transport.c,1615,21,"anon_part"
pre-increment,/home/ubuntu/atoms/projects/git/merge-recursive.c,2060,11,"end_of_new"
pre-increment,/home/ubuntu/atoms/projects/git/merge-recursive.c,2110,23,"end_of_new"
pre-increment,/home/ubuntu/atoms/projects/git/merge-recursive.c,2060,28,"end_of_old"
pre-increment,/home/ubuntu/atoms/projects/git/merge-recursive.c,2086,34,"end_of_old"
pre-increment,/home/ubuntu/atoms/projects/git/merge-recursive.c,2109,23,"end_of_old"
pre-increment,/home/ubuntu/atoms/projects/git/pack-bitmap.c,2260,32,"tdata -> seen"
pre-increment,/home/ubuntu/atoms/projects/git/pack-bitmap.c,2275,32,"tdata -> seen"
pre-increment,/home/ubuntu/atoms/projects/git/http.c,2199,32,"i"
pre-increment,/home/ubuntu/atoms/projects/git/name-hash.c,106,19,"dir -> nr"
pre-increment,/home/ubuntu/atoms/projects/git/read-cache.c,1062,34,"pos"
pre-increment,/home/ubuntu/atoms/projects/git/read-cache.c,1161,10,"slash"
pre-increment,/home/ubuntu/atoms/projects/git/packfile.c,1820,8,"delta_stack_nr"
pre-increment,/home/ubuntu/atoms/projects/git/packfile.c,1351,27,"poi_stack_nr"
pre-increment,/home/ubuntu/atoms/projects/git/kwset.c,686,26,"beg"
pre-increment,/home/ubuntu/atoms/projects/git/kwset.c,686,37,"beg"
pre-increment,/home/ubuntu/atoms/projects/git/kwset.c,737,26,"beg"
pre-increment,/home/ubuntu/atoms/projects/git/kwset.c,737,37,"beg"
pre-increment,/home/ubuntu/atoms/projects/git/kwset.c,233,14,"depth"
pre-increment,/home/ubuntu/atoms/projects/git/kwset.c,185,47,"text"
pre-increment,/home/ubuntu/atoms/projects/git/kwset.c,185,59,"text"
pre-increment,/home/ubuntu/atoms/projects/git/kwset.c,249,40,"links [ depth ] -> balance"
pre-increment,/home/ubuntu/atoms/projects/git/kwset.c,250,29,"links [ depth ] -> balance"
pre-increment,/home/ubuntu/atoms/projects/git/refs.c,1468,9,"len"
pre-increment,/home/ubuntu/atoms/projects/git/compat/win32/syslog.c,49,30,"str_len"
pre-increment,/home/ubuntu/atoms/projects/git/compat/inet_pton.c,72,38,"octets"
pre-increment,/home/ubuntu/atoms/projects/git/compat/inet_pton.c,120,23,"src"
pre-increment,/home/ubuntu/atoms/projects/git/compat/inet_pton.c,79,27,"tp"
pre-increment,/home/ubuntu/atoms/projects/git/compat/regex/regcomp.c,417,16,"c"
pre-increment,/home/ubuntu/atoms/projects/git/compat/regex/regcomp.c,369,48,"ch"
pre-increment,/home/ubuntu/atoms/projects/git/compat/regex/regcomp.c,945,46,"ch"
pre-increment,/home/ubuntu/atoms/projects/git/compat/regex/regcomp.c,975,45,"ch"
pre-increment,/home/ubuntu/atoms/projects/git/compat/regex/regcomp.c,3567,28,"i"
pre-increment,/home/ubuntu/atoms/projects/git/compat/regex/regcomp.c,3573,28,"i"
pre-increment,/home/ubuntu/atoms/projects/git/compat/regex/regcomp.c,369,43,"j"
pre-increment,/home/ubuntu/atoms/projects/git/compat/regex/regcomp.c,945,41,"j"
pre-increment,/home/ubuntu/atoms/projects/git/compat/regex/regcomp.c,975,40,"j"
pre-increment,/home/ubuntu/atoms/projects/git/compat/regex/regcomp.c,348,16,"node"
pre-increment,/home/ubuntu/atoms/projects/git/compat/regex/regexec.c,3468,32,"ch"
pre-increment,/home/ubuntu/atoms/projects/git/compat/regex/regexec.c,3499,32,"ch"
pre-increment,/home/ubuntu/atoms/projects/git/compat/regex/regexec.c,2406,9,"cur_str_idx"
pre-increment,/home/ubuntu/atoms/projects/git/compat/regex/regexec.c,1381,14,"fs -> num"
pre-increment,/home/ubuntu/atoms/projects/git/compat/regex/regex_internal.c,746,18,"i"
pre-increment,/home/ubuntu/atoms/projects/git/compat/regex/regex_internal.c,1099,9,"i1"
pre-increment,/home/ubuntu/atoms/projects/git/compat/regex/regex_internal.c,1111,9,"i1"
pre-increment,/home/ubuntu/atoms/projects/git/compat/regex/regex_internal.c,1099,21,"i2"
pre-increment,/home/ubuntu/atoms/projects/git/compat/regex/regex_internal.c,1106,9,"i2"
pre-increment,/home/ubuntu/atoms/projects/git/compat/regex/regex_internal.c,1138,11,"id"
pre-increment,/home/ubuntu/atoms/projects/git/compat/regex/regex_internal.c,1271,9,"id"
pre-increment,/home/ubuntu/atoms/projects/git/compat/regex/regex_internal.c,1097,19,"sbase"
pre-increment,/home/ubuntu/atoms/projects/git/compat/regex/regex_internal.c,1237,15,"sbase"
pre-increment,/home/ubuntu/atoms/projects/git/compat/mingw.c,2885,21,"i"
pre-increment,/home/ubuntu/atoms/projects/git/compat/mingw.c,2886,21,"i"
pre-increment,/home/ubuntu/atoms/projects/git/compat/mingw.c,2894,20,"i"
pre-increment,/home/ubuntu/atoms/projects/git/compat/mingw.c,2896,15,"i"
pre-increment,/home/ubuntu/atoms/projects/git/compat/mingw.c,2898,16,"i"
pre-increment,/home/ubuntu/atoms/projects/git/compat/mingw.c,2919,21,"i"
pre-increment,/home/ubuntu/atoms/projects/git/compat/mingw.c,2920,21,"i"
pre-increment,/home/ubuntu/atoms/projects/git/compat/mingw.c,2921,24,"i"
pre-increment,/home/ubuntu/atoms/projects/git/compat/mingw.c,2925,21,"i"
pre-increment,/home/ubuntu/atoms/projects/git/compat/mingw.c,2926,21,"i"
pre-increment,/home/ubuntu/atoms/projects/git/compat/mingw.c,2932,21,"i"
pre-increment,/home/ubuntu/atoms/projects/git/compat/mingw.c,2933,21,"i"
pre-increment,/home/ubuntu/atoms/projects/git/compat/mingw.c,2950,18,"i"
pre-increment,/home/ubuntu/atoms/projects/git/compat/mingw.c,786,26,"n"
pre-increment,/home/ubuntu/atoms/projects/git/compat/basename.c,49,12,"p"
pre-increment,/home/ubuntu/atoms/projects/git/compat/basename.c,24,12,"path"
pre-increment,/home/ubuntu/atoms/projects/git/pretty.c,674,16,"cp"
pre-increment,/home/ubuntu/atoms/projects/git/base85.c,89,9,"bytes"
pre-increment,/home/ubuntu/atoms/projects/git/base85.c,56,13,"cnt"
pre-increment,/home/ubuntu/atoms/projects/git/base85.c,73,13,"cnt"
pre-increment,/home/ubuntu/atoms/projects/git/base85.c,53,9,"de"
pre-increment,/home/ubuntu/atoms/projects/git/base85.c,59,8,"de"
pre-increment,/home/ubuntu/atoms/projects/git/shell.c,109,9,"len"
pre-increment,/home/ubuntu/atoms/projects/git/decorate.c,26,8,"j"
pre-increment,/home/ubuntu/atoms/projects/git/decorate.c,80,8,"j"
pre-increment,/home/ubuntu/atoms/projects/git/merge-ort.c,823,14,"i_sb"
pre-increment,/home/ubuntu/atoms/projects/git/object.c,409,15,"nr"
pre-increment,/home/ubuntu/atoms/projects/git/tree-walk.c,592,8,"entrylen"
pre-increment,/home/ubuntu/atoms/projects/git/tree-walk.c,228,9,"pos"
pre-increment,/home/ubuntu/atoms/projects/git/add-interactive.c,368,21,"endp"
pre-increment,/home/ubuntu/atoms/projects/git/add-interactive.c,145,14,"* len"
pre-increment,/home/ubuntu/atoms/projects/git/range-diff.c,525,14,"i"
pre-increment,/home/ubuntu/atoms/projects/git/range-diff.c,541,14,"j"
pre-increment,/home/ubuntu/atoms/projects/git/unpack-trees.c,459,32,"cnt"
pre-increment,/home/ubuntu/atoms/projects/git/unpack-trees.c,495,33,"cnt"
pre-increment,/home/ubuntu/atoms/projects/git/unpack-trees.c,592,11,"count"
pre-increment,/home/ubuntu/atoms/projects/git/unpack-trees.c,107,7,"idx"
pre-increment,/home/ubuntu/atoms/projects/git/attr.c,699,45,"lineno"
pre-increment,/home/ubuntu/atoms/projects/git/attr.c,760,41,"lineno"
pre-increment,/home/ubuntu/atoms/projects/git/attr.c,791,36,"lineno"
